time_w,w,time_sensor,sensor_w,time_rain,rain
0,100,0,100,0,0
60.6254738,100,62.30094026,100,100,0
61.6254738,99.89772097,62.30094026,99.8286349,100,0.01333
62.60094026,99.79795118,64.3103451,99.8286349,150,0.01333
63.60094026,99.69567211,64.3103451,99.62311483,150,0
64.6103451,99.5924311,67.08693085,99.62311483,221,0
65.6103451,99.49015199,67.08693085,99.33912806,221,0.03478
66.6103451,99.38787285,69.91858355,99.33912806,251,0.03478
67.58693085,99.28798848,69.91858355,99.04950893,251,0
68.58693085,99.18570931,72.59397984,99.04950893,281,0
69.58693085,99.08343011,72.59397984,98.77587143,281,0.02545
70.51858355,98.9881414,75.02123913,98.77587143,297,0.02545
71.51858355,98.88586216,75.02123913,98.52761305,297,0
72.59397984,98.77587143,77.43658208,98.52761305,360,0
73.59397984,98.67359214,77.43658208,98.28057335,,
74.59397984,98.57131284,80.29216658,98.28057335,,
75.62123913,98.46624546,80.29216658,97.98850588,,
76.62123913,98.36396611,83.11970737,97.98850588,,
77.63658208,98.26011748,83.11970737,97.69930653,,
78.63658208,98.15783809,85.54034976,97.69930653,,
79.63658208,98.05555868,85.54034976,97.45172439,,
80.59216658,97.95782205,88.40560946,97.45172439,,
81.59216658,97.8555426,88.40560946,97.15866686,,
82.59216658,97.75326313,90.65826263,97.15866686,,
83.61970737,97.64816678,90.65826263,96.92826634,,
84.61970737,97.54588727,92.69936366,96.92826634,,
85.64034976,97.44149644,92.69936366,96.7195032,,
86.64034976,97.33921689,95.39011131,96.7195032,,
87.64034976,97.23693731,95.39011131,96.44429428,,
88.60560946,97.13821094,97.87919974,96.44429428,,
89.60560946,97.03593132,97.87919974,96.18971088,,
90.65826263,96.92826634,100.1789309,96.18971088,,
91.65826263,96.82598668,100.1789309,95.96011505,,
92.69936366,96.7195032,102.8453097,95.96011505,,
93.69936366,96.61722349,102.8453097,96.41426218,,
94.69936366,96.51494377,105.3252469,96.41426218,,
95.69011131,96.41361036,105.3252469,97.55240514,,
96.69011131,96.31133059,107.9769632,97.55240514,,
97.69011131,96.20905081,107.9769632,99.1711104,,
98.67919974,96.10788703,110.4325035,99.1711104,,
99.67919974,96.0056072,110.4325035,100.8683854,,
100,95.97279581,112.5975946,100.8683854,,
100.1,95.96478105,112.5975946,102.4513699,,
100.1789309,95.96011505,114.7790606,102.4513699,,
100.2789309,95.95582318,114.7790606,104.0930078,,
100.3789309,95.95354381,117.6212215,104.0930078,,
100.4789309,95.95322788,117.6212215,106.2710691,,
100.5789309,95.95482754,120.2241407,106.2710691,,
100.6789309,95.95829609,120.2241407,108.2867002,,
100.7789309,95.96358798,122.9693936,108.2867002,,
100.8789309,95.97065876,122.9693936,110.4235765,,
100.9789309,95.97946508,125.4618408,110.4235765,,
101.0789309,95.98996462,125.4618408,112.3688033,,
101.1789309,96.00211613,128.3156048,112.3688033,,
101.2789309,96.01587933,128.3156048,114.599102,,
101.3789309,96.03121493,131.2024943,114.599102,,
101.4789309,96.04808462,131.2024943,116.8569947,,
101.5789309,96.06645099,133.861672,116.8569947,,
101.6789309,96.08627757,133.861672,118.9375439,,
101.7789309,96.10752877,136.0151817,118.9375439,,
101.8789309,96.13016985,136.0151817,120.6227325,,
101.9789309,96.15416694,138.8932475,120.6227325,,
102.0789309,96.17948699,138.8932475,122.8751098,,
102.1789309,96.20609775,141.0184891,122.8751098,,
102.2789309,96.23396775,141.0184891,124.5384051,,
102.3789309,96.26306632,143.3228204,124.5384051,,
102.4789309,96.29336349,143.3228204,126.3419013,,
102.5789309,96.32483005,145.8419416,126.3419013,,
102.6789309,96.35743751,145.8419416,128.3135266,,
102.7789309,96.39115804,148.6545195,128.3135266,,
102.8453097,96.41426218,148.6545195,130.5148408,,
102.9453097,96.44977193,151.5878597,130.5148408,,
103.0453097,96.48632402,151.5878597,132.5529626,,
103.1453097,96.52389303,154.1646415,132.5529626,,
103.2453097,96.56245419,154.1646415,133.4149961,,
103.3453097,96.6019833,156.2509942,133.4149961,,
103.4453097,96.64245678,156.2509942,133.7113359,,
103.5453097,96.6838516,159.1800598,133.7113359,,
103.6453097,96.72614531,159.1800598,133.8013201,,
103.7453097,96.769316,161.5429445,133.8013201,,
103.8453097,96.81334228,161.5429445,133.7220079,,
103.9453097,96.85820331,164.4423541,133.7220079,,
104.0453097,96.90387874,164.4423541,133.5303088,,
104.1453097,96.95034872,166.9297019,133.5303088,,
104.2453097,96.99759387,166.9297019,133.3219288,,
104.3453097,97.0455953,169.3915381,133.3219288,,
104.4453097,97.09433459,169.3915381,133.0948684,,
104.5453097,97.14379374,171.8497581,133.0948684,,
104.6453097,97.19395521,171.8497581,132.8569108,,
104.7453097,97.24480187,174.279684,132.8569108,,
104.8453097,97.29631703,174.279684,132.6156686,,
104.9453097,97.3484844,176.6827679,132.6156686,,
105.0453097,97.40128806,176.6827679,132.3738602,,
105.1453097,97.45471252,179.2941199,132.3738602,,
105.2453097,97.50874264,179.2941199,132.1091152,,
105.3252469,97.55240514,181.9335913,132.1091152,,
105.4252469,97.60748699,181.9335913,131.8948227,,
105.5252469,97.66313411,184.2099188,131.8948227,,
105.6252469,97.71933271,184.2099188,131.8621403,,
105.7252469,97.77606934,186.8452249,131.8621403,,
105.8252469,97.83333091,186.8452249,131.8240027,,
105.9252469,97.89110461,189.434448,131.8240027,,
106.0252469,97.94937795,189.434448,131.7863615,,
106.1252469,98.00813876,192.0359858,131.7863615,,
106.2252469,98.06737516,192.0359858,131.7484518,,
106.3252469,98.12707555,194.4226836,131.7484518,,
106.4252469,98.18722862,194.4226836,131.7136305,,
106.5252469,98.24782334,196.9529582,131.7136305,,
106.6252469,98.30884895,196.9529582,131.6766909,,
106.7252469,98.37029493,199.9168437,131.6766909,,
106.8252469,98.43215105,199.9168437,131.6334045,,
106.9252469,98.49440731,202.5253048,131.6334045,,
107.0252469,98.55705394,202.5253048,131.5953014,,
107.1252469,98.62008145,205.0719356,131.5953014,,
107.2252469,98.68348053,205.0719356,131.5580981,,
107.3252469,98.74724214,207.9056786,131.5580981,,
107.4252469,98.81135744,207.9056786,131.5166983,,
107.5252469,98.87581781,210.1790974,131.5166983,,
107.6252469,98.94061483,210.1790974,131.4834838,,
107.7252469,99.0057403,212.7583987,131.4834838,,
107.8252469,99.07118622,212.7583987,131.4457998,,
107.9252469,99.13694476,215.5964504,131.4457998,,
107.9769632,99.1711104,215.5964504,131.4043352,,
108.0769632,99.23732786,218.1536257,131.4043352,,
108.1769632,99.30383913,218.1536257,131.3669741,,
108.2769632,99.37063708,220.8646377,131.3669741,,
108.3769632,99.43771469,220.8646377,131.3273652,,
108.4769632,99.50506517,223.8595808,131.3273652,,
108.5769632,99.57268185,223.8595808,133.2112852,,
108.6769632,99.64055824,225.9059251,133.2112852,,
108.7769632,99.70868803,225.9059251,136.0982184,,
108.8769632,99.77706503,228.0070005,136.0982184,,
108.9769632,99.8456832,228.0070005,139.8050621,,
109.0769632,99.91453669,230.5145839,139.8050621,,
109.1769632,99.98361974,230.5145839,144.8019518,,
109.2769632,100.0529268,232.7899187,144.8019518,,
109.3769632,100.1224523,232.7899187,149.6429392,,
109.4769632,100.192191,235.3932684,149.6429392,,
109.5769632,100.2621378,235.3932684,155.3770042,,
109.6769632,100.3322874,237.9666187,155.3770042,,
109.7769632,100.402635,237.9666187,161.1563418,,
109.8769632,100.4731758,240.8188964,161.1563418,,
109.9769632,100.543905,240.8188964,167.6290949,,
110.0769632,100.614818,243.2081638,167.6290949,,
110.1769632,100.6859104,243.2081638,172.960445,,
110.2769632,100.7571778,245.5446857,172.960445,,
110.3769632,100.8286159,245.5446857,178.0990796,,
110.4325035,100.8683854,248.4748666,178.0990796,,
110.5325035,100.9400803,248.4748666,184.5532775,,
110.6325035,101.0119356,251.3513745,184.5532775,,
110.7325035,101.0839472,251.3513745,190.8499032,,
110.8325035,101.1561115,254.311435,190.8499032,,
110.9325035,101.2284246,254.311435,194.9334321,,
111.0325035,101.3008829,257.265217,194.9334321,,
111.1325035,101.3734829,257.265217,196.7412873,,
111.2325035,101.4462212,259.8061973,196.7412873,,
111.3325035,101.5190943,259.8061973,197.397659,,
111.4325035,101.5920991,262.1085788,197.397659,,
111.5325035,101.6652322,262.1085788,197.6176669,,
111.6325035,101.7384905,264.839015,197.6176669,,
111.7325035,101.8118711,264.839015,197.630296,,
111.8325035,101.8853708,267.1612783,197.630296,,
111.9325035,101.9589869,267.1612783,197.5252109,,
112.0325035,102.0327164,269.9939714,197.5252109,,
112.1325035,102.1065567,269.9939714,197.321604,,
112.2325035,102.1805049,272.7918075,197.321604,,
112.3325035,102.2545585,272.7918075,197.0779189,,
112.4325035,102.328715,275.3862103,197.0779189,,
112.5325035,102.4029717,275.3862103,196.8327839,,
112.5975946,102.4513699,278.331456,196.8327839,,
112.6975946,102.5257866,278.331456,196.5432194,,
112.7975946,102.6002973,280.7369469,196.5432194,,
112.8975946,102.6748997,280.7369469,196.3021023,,
112.9975946,102.7495915,282.8400208,196.3021023,,
113.0975946,102.8243705,282.8400208,196.7320827,,
113.1975946,102.8992346,285.4283467,196.7320827,,
113.2975946,102.9741818,285.4283467,198.8159815,,
113.3975946,103.04921,288.0270165,198.8159815,,
113.4975946,103.1243173,288.0270165,201.8685442,,
113.5975946,103.1995017,290.5021539,201.8685442,,
113.6975946,103.2747613,290.5021539,205.2518178,,
113.7975946,103.3500944,293.2879573,205.2518178,,
113.8975946,103.425499,293.2879573,209.3512121,,
113.9975946,103.5009735,295.8677101,209.3512121,,
114.0975946,103.5765162,295.8677101,213.2920819,,
114.1975946,103.6521254,297.98239,213.2920819,,
114.2975946,103.7277995,297.98239,216.3729854,,
114.3975946,103.8035369,300.0237883,216.3729854,,
114.4975946,103.879336,300.0237883,218.2220434,,
114.5975946,103.9551954,302.709808,218.2220434,,
114.6975946,104.0311136,302.709808,219.4701539,,
114.7790606,104.0930078,305.4741831,219.4701539,,
114.8790606,104.1690289,305.4741831,219.9884176,,
114.9790606,104.2451048,307.640496,219.9884176,,
115.0790606,104.3212343,307.640496,220.1059808,,
115.1790606,104.3974159,309.8673265,220.1059808,,
115.2790606,104.4736485,309.8673265,220.0811332,,
115.3790606,104.5499308,311.9881247,220.0811332,,
115.4790606,104.6262615,311.9881247,219.9771363,,
115.5790606,104.7026396,314.9317435,219.9771363,,
115.6790606,104.7790637,314.9317435,219.7608893,,
115.7790606,104.8555329,317.6999801,219.7608893,,
115.8790606,104.932046,317.6999801,219.5171195,,
115.9790606,105.008602,320.5641977,219.5171195,,
116.0790606,105.0851997,320.5641977,219.2445611,,
116.1790606,105.1618383,322.613162,219.2445611,,
116.2790606,105.2385166,322.613162,219.0428942,,
116.3790606,105.3152337,324.86752,219.0428942,,
116.4790606,105.3919887,324.86752,218.8174656,,
116.5790606,105.4687807,327.2926333,218.8174656,,
116.6790606,105.5456087,327.2926333,218.5725667,,
116.7790606,105.6224719,329.719873,218.5725667,,
116.8790606,105.6993694,329.719873,218.3260642,,
116.9790606,105.7763003,332.0310557,218.3260642,,
117.0790606,105.8532639,332.0310557,218.0906325,,
117.1790606,105.9302594,334.653328,218.0906325,,
117.2790606,106.007286,334.653328,217.8230488,,
117.3790606,106.0843429,336.9049678,217.8230488,,
117.4790606,106.1614293,336.9049678,217.5930681,,
117.5790606,106.2385447,339.3026566,217.5930681,,
117.6212215,106.2710691,339.3026566,217.3480492,,
117.7212215,106.3482242,341.4140189,217.3480492,,
117.8212215,106.4254065,341.4140189,217.1322306,,
117.9212215,106.5026153,344.0634304,217.1322306,,
118.0212215,106.57985,344.0634304,216.8613701,,
118.1212215,106.6571099,346.1859625,216.8613701,,
118.2212215,106.7343945,346.1859625,216.6443547,,
118.3212215,106.8117031,348.7738392,216.6443547,,
118.4212215,106.8890351,348.7738392,216.3797477,,
118.5212215,106.9663901,351.4826474,216.3797477,,
118.6212215,107.0437673,351.4826474,216.102767,,
118.7212215,107.1211664,353.4871107,216.102767,,
118.8212215,107.1985866,353.4871107,215.8978037,,
118.9212215,107.2760276,355.6656718,215.8978037,,
119.0212215,107.3534888,355.6656718,215.6750367,,
119.1212215,107.4309698,358.3882079,215.6750367,,
119.2212215,107.50847,358.3882079,215.3966443,,
119.3212215,107.5859889,360,215.3966443,,
119.4212215,107.6635262,,,,
119.5212215,107.7410814,,,,
119.6212215,107.818654,,,,
119.7212215,107.8962436,,,,
119.8212215,107.9738498,,,,
119.9212215,108.0514721,,,,
120.0212215,108.1291103,,,,
120.1212215,108.2067639,,,,
120.2212215,108.2844325,,,,
120.2241407,108.2867002,,,,
120.3241407,108.3643839,,,,
120.4241407,108.442082,,,,
120.5241407,108.5197939,,,,
120.6241407,108.5975195,,,,
120.7241407,108.6752583,,,,
120.8241407,108.7530101,,,,
120.9241407,108.8307746,,,,
121.0138447,108.9005435,,,,
121.1138447,108.978331,,,,
121.2138447,109.0561304,,,,
121.3138447,109.1339412,,,,
121.4138447,109.2117632,,,,
121.5138447,109.2895961,,,,
121.6138447,109.3674397,,,,
121.7138447,109.4452937,,,,
121.8138447,109.5231578,,,,
121.9138447,109.6010318,,,,
122.0138447,109.6789155,,,,
122.1138447,109.7568086,,,,
122.2138447,109.8347109,,,,
122.3138447,109.9126221,,,,
122.4138447,109.9905422,,,,
122.5138447,110.0684707,,,,
122.6138447,110.1464076,,,,
122.7138447,110.2243525,,,,
122.8138447,110.3023055,,,,
122.9138447,110.3802661,,,,
122.9693936,110.4235765,,,,
123.0693936,110.5015488,,,,
123.1693936,110.5795283,,,,
123.2693936,110.6575149,,,,
123.3693936,110.7355085,,,,
123.4693936,110.8135087,,,,
123.5693936,110.8915155,,,,
123.6693936,110.9695288,,,,
123.7693936,111.0475483,,,,
123.8693936,111.1255739,,,,
123.9693936,111.2036054,,,,
124.0693936,111.2816428,,,,
124.1693936,111.3596858,,,,
124.2693936,111.4377344,,,,
124.3693936,111.5157884,,,,
124.4693936,111.5938476,,,,
124.5693936,111.6719119,,,,
124.6693936,111.7499813,,,,
124.7693936,111.8280555,,,,
124.8693936,111.9061346,,,,
124.9693936,111.9842182,,,,
125.0693936,112.0623064,,,,
125.1693936,112.1403991,,,,
125.2693936,112.218496,,,,
125.3693936,112.2965972,,,,
125.4618408,112.3688033,,,,
125.5618408,112.4469123,,,,
125.6618408,112.5250252,,,,
125.7618408,112.6031419,,,,
125.8618408,112.6812623,,,,
125.9618408,112.7593864,,,,
126.0618408,112.8375141,,,,
126.1618408,112.9156451,,,,
126.2618408,112.9937796,,,,
126.3618408,113.0719174,,,,
126.4618408,113.1500583,,,,
126.5618408,113.2282025,,,,
126.6618408,113.3063496,,,,
126.7618408,113.3844998,,,,
126.8618408,113.4626528,,,,
126.9618408,113.5408087,,,,
127.0618408,113.6189674,,,,
127.1618408,113.6971288,,,,
127.2618408,113.7752928,,,,
127.3618408,113.8534594,,,,
127.4618408,113.9316285,,,,
127.5618408,114.0098,,,,
127.6618408,114.0879739,,,,
127.7618408,114.1661502,,,,
127.8618408,114.2443287,,,,
127.9618408,114.3225094,,,,
128.0618408,114.4006923,,,,
128.1618408,114.4788774,,,,
128.2618408,114.5570644,,,,
128.3156048,114.599102,,,,
128.4156048,114.6772921,,,,
128.5156048,114.7554841,,,,
128.6156048,114.8336781,,,,
128.7156048,114.9118739,,,,
128.8156048,114.9900714,,,,
128.9156048,115.0682707,,,,
129.0156048,115.1464718,,,,
129.1156048,115.2246745,,,,
129.2156048,115.3028788,,,,
129.3156048,115.3810847,,,,
129.4156048,115.4592921,,,,
129.5156048,115.5375011,,,,
129.6156048,115.6157115,,,,
129.7156048,115.6939233,,,,
129.8156048,115.7721366,,,,
129.9156048,115.8503512,,,,
130.0156048,115.9285671,,,,
130.1156048,116.0067844,,,,
130.2156048,116.0850029,,,,
130.3156048,116.1632226,,,,
130.4156048,116.2414435,,,,
130.5156048,116.3196656,,,,
130.6156048,116.3978889,,,,
130.7156048,116.4761133,,,,
130.8156048,116.5543388,,,,
130.9156048,116.6325653,,,,
131.0156048,116.7107928,,,,
131.1156048,116.7890214,,,,
131.2024943,116.8569947,,,,
131.3024943,116.9352251,,,,
131.4024943,117.0134565,,,,
131.5024943,117.0916887,,,,
131.6024943,117.1699219,,,,
131.7024943,117.2481559,,,,
131.8024943,117.3263908,,,,
131.9024943,117.4046265,,,,
132.0024943,117.482863,,,,
132.1024943,117.5611003,,,,
132.2024943,117.6393384,,,,
132.3024943,117.7175772,,,,
132.4024943,117.7958168,,,,
132.5024943,117.8740571,,,,
132.6024943,117.952298,,,,
132.7024943,118.0305397,,,,
132.8024943,118.108782,,,,
132.9024943,118.187025,,,,
133.0024943,118.2652685,,,,
133.1024943,118.3435128,,,,
133.2024943,118.4217576,,,,
133.3024943,118.5000029,,,,
133.4024943,118.5782489,,,,
133.5024943,118.6564954,,,,
133.6024943,118.7347425,,,,
133.7024943,118.8129901,,,,
133.8024943,118.8912382,,,,
133.861672,118.9375439,,,,
133.961672,119.0157928,,,,
134.061672,119.0940422,,,,
134.161672,119.172292,,,,
134.261672,119.2505423,,,,
134.361672,119.3287931,,,,
134.461672,119.4070442,,,,
134.561672,119.4852958,,,,
134.661672,119.5635479,,,,
134.761672,119.6418003,,,,
134.861672,119.7200531,,,,
134.961672,119.7983063,,,,
135.061672,119.8765599,,,,
135.161672,119.9548139,,,,
135.261672,120.0330682,,,,
135.361672,120.1113228,,,,
135.461672,120.1895778,,,,
135.561672,120.2678331,,,,
135.661672,120.3460887,,,,
135.761672,120.4243447,,,,
135.861672,120.5026009,,,,
135.961672,120.5808575,,,,
136.0151817,120.6227325,,,,
136.1151817,120.7009895,,,,
136.2151817,120.7792467,,,,
136.3151817,120.8575043,,,,
136.4151817,120.9357621,,,,
136.5151817,121.0140201,,,,
136.6151817,121.0922785,,,,
136.7151817,121.170537,,,,
136.8151817,121.2487958,,,,
136.9151817,121.3270548,,,,
137.0151817,121.4053141,,,,
137.1151817,121.4835736,,,,
137.2151817,121.5618333,,,,
137.3151817,121.6400932,,,,
137.4151817,121.7183533,,,,
137.5151817,121.7966136,,,,
137.6151817,121.8748741,,,,
137.7151817,121.9531348,,,,
137.8151817,122.0313956,,,,
137.9151817,122.1096567,,,,
138.0151817,122.1879179,,,,
138.1151817,122.2661793,,,,
138.2151817,122.3444409,,,,
138.3151817,122.4227026,,,,
138.4151817,122.5009645,,,,
138.5151817,122.5792265,,,,
138.6151817,122.6574887,,,,
138.7151817,122.735751,,,,
138.8151817,122.8140135,,,,
138.8932475,122.8751098,,,,
138.9932475,122.9533725,,,,
139.0932475,123.0316353,,,,
139.1932475,123.1098983,,,,
139.2932475,123.1881614,,,,
139.3932475,123.2664246,,,,
139.4932475,123.3446879,,,,
139.5932475,123.4229514,,,,
139.6932475,123.5012149,,,,
139.7932475,123.5794786,,,,
139.8932475,123.6577423,,,,
139.9932475,123.7360062,,,,
140.0932475,123.8142701,,,,
140.1932475,123.8925342,,,,
140.2932475,123.9707984,,,,
140.3932475,124.0490626,,,,
140.4932475,124.1273269,,,,
140.5932475,124.2055914,,,,
140.6932475,124.2838559,,,,
140.7932475,124.3621204,,,,
140.8932475,124.4403851,,,,
140.9932475,124.5186499,,,,
141.1184891,124.61667,,,,
141.2184891,124.6949349,,,,
141.3184891,124.7731999,,,,
141.4184891,124.8514649,,,,
141.5184891,124.92973,,,,
141.6184891,125.0079952,,,,
141.7184891,125.0862604,,,,
141.8184891,125.1645257,,,,
141.9184891,125.2427911,,,,
142.0184891,125.3210565,,,,
142.1184891,125.399322,,,,
142.2184891,125.4775875,,,,
142.3184891,125.5558531,,,,
142.4184891,125.6341187,,,,
142.5184891,125.7123844,,,,
142.6184891,125.7906501,,,,
142.7184891,125.8689159,,,,
142.8184891,125.9471817,,,,
142.9184891,126.0254476,,,,
143.0184891,126.1037135,,,,
143.1184891,126.1819794,,,,
143.2184891,126.2602454,,,,
143.3228204,126.3419013,,,,
143.4228204,126.4201674,,,,
143.5228204,126.4984335,,,,
143.6228204,126.5766996,,,,
143.7228204,126.6549658,,,,
143.8228204,126.733232,,,,
143.9228204,126.8114982,,,,
144.0228204,126.8897644,,,,
144.1228204,126.9680307,,,,
144.2228204,127.046297,,,,
144.3228204,127.1245634,,,,
144.4228204,127.2028297,,,,
144.5228204,127.2810961,,,,
144.6228204,127.3593625,,,,
144.7228204,127.437629,,,,
144.8228204,127.5158954,,,,
144.9228204,127.5941619,,,,
145.0228204,127.6724284,,,,
145.1228204,127.750695,,,,
145.2228204,127.8289615,,,,
145.3228204,127.9072281,,,,
145.4228204,127.9854946,,,,
145.5228204,128.0637612,,,,
145.6228204,128.1420279,,,,
145.7228204,128.2202945,,,,
145.8419416,128.3135266,,,,
145.9419416,128.3917933,,,,
146.0419416,128.47006,,,,
146.1419416,128.5483267,,,,
146.2419416,128.6265934,,,,
146.3419416,128.7048601,,,,
146.4419416,128.7831268,,,,
146.6419416,128.9396603,,,,
146.8419416,129.0961938,,,,
147.0419416,129.2527273,,,,
147.2419416,129.4092609,,,,
147.4419416,129.5657945,,,,
147.6419416,129.7223281,,,,
147.8419416,129.8788618,,,,
148.1419416,130.1136623,,,,
148.4419416,130.3484628,,,,
149.3545195,131.0627087,,,,
149.6545195,131.2975093,,,,
150,131.5679059,,,,
150.1,131.6439596,,,,
150.2,131.7179103,,,,
150.3,131.7898091,,,,
150.4,131.8597061,,,,
150.5,131.9276501,,,,
150.6,131.9936887,,,,
150.7,132.0578683,,,,
150.8,132.1202343,,,,
150.9,132.1808307,,,,
151,132.2397009,,,,
151.1,132.2968868,,,,
151.2,132.3524296,,,,
151.3,132.4063692,,,,
151.4,132.4587447,,,,
151.5,132.5095943,,,,
151.5878597,132.5529626,,,,
151.6878597,132.6010474,,,,
151.7878597,132.6477108,,,,
151.8878597,132.6929875,,,,
151.9878597,132.7369113,,,,
152.0878597,132.7795151,,,,
152.1878597,132.8208313,,,,
152.2878597,132.860891,,,,
152.3878597,132.8997251,,,,
152.4878597,132.9373632,,,,
152.5878597,132.9738347,,,,
152.6878597,133.0091678,,,,
152.7878597,133.0433905,,,,
152.8878597,133.0765297,,,,
152.9878597,133.1086118,,,,
153.0878597,133.1396627,,,,
153.1878597,133.1697074,,,,
153.2878597,133.1987705,,,,
153.3878597,133.2268759,,,,
153.4878597,133.2540469,,,,
153.5878597,133.2803064,,,,
153.6878597,133.3056765,,,,
153.7878597,133.3301789,,,,
153.8878597,133.3538348,,,,
153.9878597,133.3766648,,,,
154.0878597,133.398689,,,,
154.1646415,133.4149961,,,,
154.2646415,133.4356453,,,,
154.3646415,133.4555419,,,,
154.4646415,133.4747043,,,,
154.5646415,133.4931503,,,,
154.6646415,133.5108973,,,,
154.7646415,133.5279626,,,,
154.8646415,133.5443625,,,,
154.9646415,133.5601135,,,,
155.0646415,133.5752312,,,,
155.1646415,133.5897311,,,,
155.2646415,133.6036284,,,,
155.3646415,133.6169376,,,,
155.4646415,133.6296731,,,,
155.5646415,133.6418489,,,,
155.6646415,133.6534786,,,,
155.7646415,133.6645756,,,,
155.8646415,133.6751527,,,,
155.9646415,133.6852228,,,,
156.0646415,133.6947982,,,,
156.1646415,133.7038908,,,,
156.2509942,133.7113359,,,,
156.3509942,133.7195609,,,,
156.4509942,133.7273362,,,,
156.5509942,133.7346726,,,,
156.6509942,133.7415809,,,,
156.7509942,133.7480716,,,,
156.8509942,133.7541547,,,,
156.9509942,133.7598403,,,,
157.0509942,133.765138,,,,
157.1509942,133.7700573,,,,
157.2509942,133.7746074,,,,
157.3509942,133.7787973,,,,
157.4509942,133.7826358,,,,
157.5509942,133.7861315,,,,
157.6509942,133.7892926,,,,
157.7509942,133.7921275,,,,
157.8509942,133.7946439,,,,
157.9509942,133.7968497,,,,
158.0509942,133.7987525,,,,
158.1509942,133.8003596,,,,
158.2509942,133.8016782,,,,
158.3509942,133.8027154,,,,
158.4509942,133.803478,,,,
158.5509942,133.8039728,,,,
158.6509942,133.8042062,,,,
158.7509942,133.8041846,,,,
158.8509942,133.8039143,,,,
158.9509942,133.8034013,,,,
159.0509942,133.8026515,,,,
159.1509942,133.8016707,,,,
159.1800598,133.8013201,,,,
159.2800598,133.80005,,,,
159.3800598,133.7985616,,,,
159.4800598,133.7968602,,,,
159.5800598,133.7949509,,,,
159.6800598,133.7928389,,,,
159.7800598,133.7905291,,,,
159.8800598,133.7880263,,,,
159.9800598,133.7853353,,,,
160.0800598,133.7824605,,,,
160.1800598,133.7794065,,,,
160.2800598,133.7761777,,,,
160.3800598,133.7727783,,,,
160.4800598,133.7692125,,,,
160.5800598,133.7654843,,,,
160.6800598,133.7615976,,,,
160.7800598,133.7575565,,,,
160.8800598,133.7533645,,,,
160.9800598,133.7490255,,,,
161.0800598,133.7445429,,,,
161.1800598,133.7399203,,,,
161.2800598,133.7351611,,,,
161.3800598,133.7302686,,,,
161.4800598,133.725246,,,,
161.5429445,133.7220079,,,,
161.6429445,133.7167806,,,,
161.7429445,133.7114315,,,,
161.8429445,133.7059635,,,,
161.9429445,133.7003795,,,,
162.0429445,133.6946823,,,,
162.1429445,133.6888747,,,,
162.2429445,133.6829594,,,,
162.3429445,133.676939,,,,
162.4429445,133.670816,,,,
162.5429445,133.664593,,,,
162.6429445,133.6582724,,,,
162.7429445,133.6518566,,,,
162.8429445,133.6453478,,,,
162.9429445,133.6387484,,,,
163.0429445,133.6320606,,,,
163.1429445,133.6252866,,,,
163.2429445,133.6184283,,,,
163.3429445,133.611488,,,,
163.4429445,133.6044675,,,,
163.5429445,133.5973688,,,,
163.6429445,133.5901939,,,,
163.7429445,133.5829446,,,,
163.8429445,133.5756227,,,,
163.9429445,133.56823,,,,
164.0429445,133.5607682,,,,
164.1429445,133.553239,,,,
164.2429445,133.5456441,,,,
164.3429445,133.537985,,,,
164.4423541,133.5303088,,,,
164.5423541,133.5225264,,,,
164.6423541,133.5146844,,,,
164.7423541,133.5067842,,,,
164.8423541,133.4988273,,,,
164.9423541,133.4908151,,,,
165.0423541,133.4827489,,,,
165.1423541,133.47463,,,,
165.2423541,133.4664597,,,,
165.3423541,133.4582393,,,,
165.4423541,133.44997,,,,
165.5423541,133.4416529,,,,
165.6423541,133.4332893,,,,
165.7423541,133.4248803,,,,
165.8423541,133.4164269,,,,
165.9423541,133.4079303,,,,
166.0423541,133.3993915,,,,
166.1423541,133.3908116,,,,
166.2423541,133.3821915,,,,
166.3423541,133.3735322,,,,
166.4423541,133.3648348,,,,
166.5423541,133.3561,,,,
166.6423541,133.3473289,,,,
166.7423541,133.3385222,,,,
166.8423541,133.329681,,,,
166.9297019,133.3219288,,,,
167.0297019,133.313025,,,,
167.1297019,133.3040889,,,,
167.2297019,133.2951213,,,,
167.3297019,133.286123,,,,
167.4297019,133.2770948,,,,
167.5297019,133.2680374,,,,
167.6297019,133.2589514,,,,
167.7297019,133.2498376,,,,
167.8297019,133.2406967,,,,
167.9297019,133.2315293,,,,
168.0297019,133.2223361,,,,
168.1297019,133.2131176,,,,
168.2297019,133.2038746,,,,
168.3297019,133.1946076,,,,
168.4297019,133.1853172,,,,
168.5297019,133.1760039,,,,
168.6297019,133.1666684,,,,
168.7297019,133.1573111,,,,
168.8297019,133.1479327,,,,
168.9297019,133.1385335,,,,
169.0297019,133.1291142,,,,
169.1297019,133.1196751,,,,
169.2297019,133.1102169,,,,
169.3297019,133.1007399,,,,
169.3915381,133.0948684,,,,
169.4915381,133.085362,,,,
169.5915381,133.0758382,,,,
169.6915381,133.0662971,,,,
169.7915381,133.0567394,,,,
169.8915381,133.0471653,,,,
169.9915381,133.0375753,,,,
170.0915381,133.0279698,,,,
170.1915381,133.0183491,,,,
170.2915381,133.0087136,,,,
170.3915381,132.9990637,,,,
170.4915381,132.9893998,,,,
170.5915381,132.9797221,,,,
170.6915381,132.970031,,,,
170.7915381,132.9603269,,,,
170.8915381,132.95061,,,,
170.9915381,132.9408806,,,,
171.0915381,132.9311391,,,,
171.1915381,132.9213858,,,,
171.2915381,132.9116209,,,,
171.3915381,132.9018448,,,,
171.4915381,132.8920577,,,,
171.5915381,132.8822598,,,,
171.6915381,132.8724515,,,,
171.7915381,132.8626329,,,,
171.8497581,132.8569108,,,,
171.9497581,132.8470766,,,,
172.0497581,132.8372329,,,,
172.1497581,132.8273798,,,,
172.2497581,132.8175176,,,,
172.3497581,132.8076465,,,,
172.4497581,132.7977667,,,,
172.5497581,132.7878784,,,,
172.6497581,132.7779819,,,,
172.7497581,132.7680773,,,,
172.8497581,132.7581649,,,,
172.9497581,132.7482447,,,,
173.0497581,132.7383171,,,,
173.1497581,132.7283822,,,,
173.2497581,132.7184402,,,,
173.3497581,132.7084912,,,,
173.4497581,132.6985354,,,,
173.5497581,132.6885731,,,,
173.6497581,132.6786042,,,,
173.7497581,132.6686291,,,,
173.8497581,132.6586478,,,,
173.9497581,132.6486605,,,,
174.0497581,132.6386674,,,,
174.1497581,132.6286686,,,,
174.2497581,132.6186641,,,,
174.279684,132.6156686,,,,
174.379684,132.6056572,,,,
174.479684,132.5956405,,,,
174.579684,132.5856187,,,,
174.679684,132.5755919,,,,
174.779684,132.5655602,,,,
174.879684,132.5555237,,,,
174.979684,132.5454826,,,,
175.079684,132.5354369,,,,
175.179684,132.5253868,,,,
175.279684,132.5153324,,,,
175.379684,132.5052738,,,,
175.479684,132.4952111,,,,
175.579684,132.4851444,,,,
175.679684,132.4750737,,,,
175.779684,132.4649992,,,,
175.879684,132.454921,,,,
175.979684,132.4448392,,,,
176.079684,132.4347539,,,,
176.179684,132.424665,,,,
176.279684,132.4145728,,,,
176.379684,132.4044773,,,,
176.479684,132.3943786,,,,
176.579684,132.3842768,,,,
176.679684,132.3741719,,,,
176.7827679,132.3637522,,,,
176.8827679,132.3536414,,,,
176.9827679,132.3435276,,,,
177.0827679,132.3334112,,,,
177.1827679,132.323292,,,,
177.2827679,132.3131702,,,,
177.3827679,132.3030458,,,,
177.4827679,132.2929189,,,,
177.5827679,132.2827896,,,,
177.6827679,132.2726578,,,,
177.7827679,132.2625238,,,,
177.8827679,132.2523875,,,,
177.9827679,132.2422489,,,,
178.0827679,132.2321082,,,,
178.1827679,132.2219654,,,,
178.2827679,132.2118206,,,,
178.3827679,132.2016737,,,,
178.4827679,132.1915248,,,,
178.5827679,132.1813741,,,,
178.6827679,132.1712215,,,,
178.7827679,132.1610671,,,,
178.8827679,132.1509108,,,,
178.9827679,132.1407529,,,,
179.0827679,132.1305933,,,,
179.1827679,132.120432,,,,
179.2827679,132.1102691,,,,
179.2941199,132.1091152,,,,
179.3941199,132.0989506,,,,
179.4941199,132.0887845,,,,
179.5941199,132.0786168,,,,
179.6941199,132.0684477,,,,
179.7941199,132.0582772,,,,
179.8941199,132.0481053,,,,
179.9941199,132.0379321,,,,
180.0941199,132.0277575,,,,
180.1941199,132.0175817,,,,
180.2941199,132.0074046,,,,
180.3941199,131.9972262,,,,
180.4941199,131.9870467,,,,
180.5941199,131.976866,,,,
180.6941199,131.9666842,,,,
180.7941199,131.9565013,,,,
180.8941199,131.9463173,,,,
180.9941199,131.9361323,,,,
181.0941199,131.9259462,,,,
181.1941199,131.9157591,,,,
181.2941199,131.905571,,,,
181.3127626,131.9036715,,,,
181.4127626,131.9022485,,,,
181.5127626,131.9008246,,,,
181.6127626,131.8993998,,,,
181.7127626,131.8979741,,,,
181.8127626,131.8965475,,,,
181.9127626,131.8951201,,,,
181.9335913,131.8948227,,,,
182.0335913,131.8933943,,,,
182.1335913,131.8919651,,,,
182.2335913,131.8905351,,,,
182.3335913,131.8891044,,,,
182.4335913,131.887673,,,,
182.5335913,131.8862408,,,,
182.6335913,131.8848079,,,,
182.7335913,131.8833743,,,,
182.8335913,131.8819401,,,,
182.9335913,131.8805052,,,,
183.0335913,131.8790697,,,,
183.1335913,131.8776335,,,,
183.2335913,131.8761968,,,,
183.3335913,131.8747594,,,,
183.4335913,131.8733215,,,,
183.5335913,131.871883,,,,
183.6335913,131.870444,,,,
183.7335913,131.8690044,,,,
183.8335913,131.8675643,,,,
183.9335913,131.8661237,,,,
184.0335913,131.8646826,,,,
184.1335913,131.863241,,,,
184.2099188,131.8621403,,,,
184.3099188,131.8606979,,,,
184.4099188,131.859255,,,,
184.5099188,131.8578117,,,,
184.6099188,131.856368,,,,
184.7099188,131.8549238,,,,
184.8099188,131.8534792,,,,
184.9099188,131.8520343,,,,
185.0099188,131.8505889,,,,
185.1099188,131.8491431,,,,
185.2099188,131.847697,,,,
185.3099188,131.8462505,,,,
185.4099188,131.8448037,,,,
185.5099188,131.8433565,,,,
185.6099188,131.841909,,,,
185.7099188,131.8404611,,,,
185.8099188,131.8390129,,,,
185.9099188,131.8375644,,,,
186.0099188,131.8361156,,,,
186.1099188,131.8346665,,,,
186.2099188,131.8332172,,,,
186.3099188,131.8317675,,,,
186.4099188,131.8303175,,,,
186.5099188,131.8288673,,,,
186.6099188,131.8274168,,,,
186.7099188,131.8259661,,,,
186.8099188,131.8245151,,,,
186.8452249,131.8240027,,,,
186.9452249,131.8225514,,,,
187.0452249,131.8210999,,,,
187.1452249,131.8196481,,,,
187.2452249,131.8181961,,,,
187.3452249,131.8167438,,,,
187.4452249,131.8152914,,,,
187.5452249,131.8138387,,,,
187.6452249,131.8123859,,,,
187.7452249,131.8109328,,,,
187.8452249,131.8094796,,,,
187.9452249,131.8080261,,,,
188.0452249,131.8065725,,,,
188.1452249,131.8051187,,,,
188.2452249,131.8036647,,,,
188.3452249,131.8022105,,,,
188.4452249,131.8007562,,,,
188.5452249,131.7993017,,,,
188.6452249,131.7978471,,,,
188.7452249,131.7963923,,,,
188.8452249,131.7949373,,,,
188.9452249,131.7934822,,,,
189.0452249,131.792027,,,,
189.1452249,131.7905716,,,,
189.2452249,131.789116,,,,
189.3452249,131.7876604,,,,
189.434448,131.7863615,,,,
189.534448,131.7849056,,,,
189.634448,131.7834495,,,,
189.734448,131.7819934,,,,
189.834448,131.7805371,,,,
189.934448,131.7790807,,,,
190.034448,131.7776242,,,,
190.134448,131.7761676,,,,
190.234448,131.7747109,,,,
190.334448,131.7732541,,,,
190.434448,131.7717971,,,,
190.534448,131.7703401,,,,
190.634448,131.768883,,,,
190.734448,131.7674258,,,,
190.834448,131.7659685,,,,
190.934448,131.764511,,,,
191.034448,131.7630536,,,,
191.134448,131.761596,,,,
191.234448,131.7601383,,,,
191.334448,131.7586806,,,,
191.434448,131.7572227,,,,
191.534448,131.7557648,,,,
191.634448,131.7543069,,,,
191.734448,131.7528488,,,,
191.834448,131.7513907,,,,
191.934448,131.7499325,,,,
192.0359858,131.7484518,,,,
192.1359858,131.7469934,,,,
192.2359858,131.745535,,,,
192.3359858,131.7440766,,,,
192.4359858,131.742618,,,,
192.5359858,131.7411594,,,,
192.6359858,131.7397008,,,,
192.7359858,131.7382421,,,,
192.8359858,131.7367833,,,,
192.9359858,131.7353245,,,,
193.0359858,131.7338656,,,,
193.1359858,131.7324067,,,,
193.2359858,131.7309477,,,,
193.3359858,131.7294887,,,,
193.4359858,131.7280296,,,,
193.5359858,131.7265705,,,,
193.6359858,131.7251113,,,,
193.7359858,131.7236521,,,,
193.8359858,131.7221928,,,,
193.9359858,131.7207335,,,,
194.0359858,131.7192742,,,,
194.1359858,131.7178148,,,,
194.2359858,131.7163554,,,,
194.3359858,131.7148959,,,,
194.4226836,131.7136305,,,,
194.5226836,131.712171,,,,
194.6226836,131.7107114,,,,
194.7226836,131.7092518,,,,
194.8226836,131.7077922,,,,
194.9226836,131.7063325,,,,
195.0226836,131.7048728,,,,
195.1226836,131.703413,,,,
195.2226836,131.7019533,,,,
195.3226836,131.7004935,,,,
195.4226836,131.6990336,,,,
195.5226836,131.6975738,,,,
195.6226836,131.6961139,,,,
195.7226836,131.6946539,,,,
195.8226836,131.693194,,,,
195.9226836,131.691734,,,,
196.0226836,131.690274,,,,
196.1226836,131.688814,,,,
196.2226836,131.6873539,,,,
196.3226836,131.6858939,,,,
196.4226836,131.6844338,,,,
196.5226836,131.6829736,,,,
196.6226836,131.6815135,,,,
196.7226836,131.6800533,,,,
196.8226836,131.6785931,,,,
196.9529582,131.6766909,,,,
197.0529582,131.6752306,,,,
197.1529582,131.6737704,,,,
197.2529582,131.6723101,,,,
197.3529582,131.6708498,,,,
197.4529582,131.6693895,,,,
197.5529582,131.6679292,,,,
197.6529582,131.6664688,,,,
197.7529582,131.6650085,,,,
197.8529582,131.6635481,,,,
197.9529582,131.6620877,,,,
198.0529582,131.6606273,,,,
198.1529582,131.6591669,,,,
198.2529582,131.6577064,,,,
198.3529582,131.656246,,,,
198.4529582,131.6547855,,,,
198.5529582,131.653325,,,,
198.6529582,131.6518645,,,,
198.7529582,131.650404,,,,
198.8529582,131.6489435,,,,
198.9529582,131.647483,,,,
199.0529582,131.6460224,,,,
199.1529582,131.6445618,,,,
199.2529582,131.6431013,,,,
199.3529582,131.6416407,,,,
199.4529582,131.6401801,,,,
199.5529582,131.6387195,,,,
199.6529582,131.6372589,,,,
199.7529582,131.6357983,,,,
199.9168437,131.6334045,,,,
200.1168437,131.6304832,,,,
200.3168437,131.6275618,,,,
200.5168437,131.6246404,,,,
200.7168437,131.621719,,,,
200.9168437,131.6187976,,,,
201.1168437,131.6158761,,,,
201.3168437,131.6129546,,,,
201.5168437,131.6100331,,,,
201.7168437,131.6071115,,,,
201.9168437,131.6041899,,,,
202.1168437,131.6012683,,,,
202.3168437,131.5983467,,,,
202.5253048,131.5953014,,,,
202.7253048,131.5923798,,,,
202.9253048,131.5894581,,,,
203.1253048,131.5865364,,,,
203.3253048,131.5836146,,,,
203.5253048,131.5806929,,,,
203.7253048,131.5777711,,,,
203.9253048,131.5748494,,,,
204.1253048,131.5719276,,,,
204.4253048,131.5675449,,,,
204.7253048,131.5631621,,,,
205.0719356,131.5580981,,,,
205.3719356,131.5537153,,,,
205.6719356,131.5493325,,,,
205.9719356,131.5449497,,,,
206.2719356,131.5405668,,,,
206.5719356,131.5361839,,,,
206.8719356,131.531801,,,,
207.2719356,131.5259572,,,,
207.6719356,131.5201133,,,,
208.1056786,131.5137764,,,,
208.5056786,131.5079324,,,,
208.9056786,131.5020884,,,,
209.4056786,131.4947835,,,,
209.9056786,131.4874784,,,,
210.3790974,131.4805618,,,,
210.8790974,131.4732567,,,,
211.4790974,131.4644906,,,,
212.0790974,131.4557246,,,,
212.7583987,131.4457998,,,,
213.4583987,131.4355727,,,,
214.2583987,131.4238845,,,,
215.1583987,131.4107352,,,,
216.1964504,131.395569,,,,
217.3964504,131.3780366,,,,
218.7536257,131.3582079,,,,
219.3536257,131.3494417,,,,
221,131.3253875,,,,
221.1,131.3297007,,,,
221.2,131.3395012,,,,
221.3,131.3546553,,,,
221.4,131.3750324,,,,
221.5,131.4005052,,,,
221.6,131.4309495,,,,
221.7,131.4662442,,,,
221.8,131.506271,,,,
221.9,131.5509146,,,,
222,131.6000624,,,,
222.1,131.6536047,,,,
222.2,131.7114343,,,,
222.3,131.7734467,,,,
222.4,131.83954,,,,
222.5,131.9096147,,,,
222.6,131.9835737,,,,
222.7,132.0613225,,,,
222.8,132.1427684,,,,
222.9,132.2278216,,,,
223,132.316394,,,,
223.1,132.4083999,,,,
223.2,132.5037555,,,,
223.3,132.6023793,,,,
223.4,132.7041915,,,,
223.5,132.8091144,,,,
223.6,132.9170723,,,,
223.7,133.0279911,,,,
223.8,133.1417986,,,,
223.8595808,133.2112852,,,,
223.9595808,133.3295493,,,,
224.0595808,133.4505232,,,,
224.1595808,133.5741407,,,,
224.2595808,133.7003374,,,,
224.3595808,133.8290504,,,,
224.4595808,133.9602185,,,,
224.5595808,134.0937817,,,,
224.6595808,134.2296817,,,,
224.7595808,134.3678615,,,,
224.8595808,134.5082656,,,,
224.9595808,134.6508397,,,,
225.0595808,134.7955309,,,,
225.1595808,134.9422876,,,,
225.2595808,135.0910596,,,,
225.3595808,135.2417975,,,,
225.4595808,135.3944536,,,,
225.5595808,135.5489811,,,,
225.6595808,135.7053343,,,,
225.7595808,135.8634687,,,,
225.8595808,136.023341,,,,
225.9059251,136.0982184,,,,
226.0059251,136.2605527,,,,
226.1059251,136.4245225,,,,
226.2059251,136.5900879,,,,
226.3059251,136.7572099,,,,
226.4059251,136.9258507,,,,
226.5059251,137.0959732,,,,
226.6059251,137.2675413,,,,
226.7059251,137.4405198,,,,
226.8059251,137.6148743,,,,
226.9059251,137.7905711,,,,
227.0059251,137.9675777,,,,
227.1059251,138.1458621,,,,
227.2059251,138.3253931,,,,
227.3059251,138.5061404,,,,
227.4059251,138.6880742,,,,
227.5059251,138.8711658,,,,
227.6059251,139.0553868,,,,
227.7059251,139.2407097,,,,
227.8059251,139.4271076,,,,
227.9059251,139.6145544,,,,
228.0059251,139.8030245,,,,
228.0070005,139.8050621,,,,
228.1070005,139.994541,,,,
228.2070005,140.1849936,,,,
228.3070005,140.3763963,,,,
228.4070005,140.5687258,,,,
228.5070005,140.7619595,,,,
228.6070005,140.9560755,,,,
228.7070005,141.1510521,,,,
228.8070005,141.3468685,,,,
228.9070005,141.5435041,,,,
229.0070005,141.740939,,,,
229.1070005,141.9391537,,,,
229.2070005,142.1381292,,,,
229.3070005,142.3378469,,,,
229.4070005,142.5382888,,,,
229.5070005,142.7394371,,,,
229.6070005,142.9412747,,,,
229.7070005,143.1437848,,,,
229.8070005,143.3469509,,,,
229.9070005,143.5507571,,,,
230.0070005,143.7551878,,,,
230.1070005,143.9602277,,,,
230.2070005,144.165862,,,,
230.3070005,144.3720762,,,,
230.4070005,144.5788562,,,,
230.5070005,144.7861881,,,,
230.5145839,144.8019518,,,,
230.6145839,145.0098621,,,,
230.7145839,145.2182968,,,,
230.8145839,145.4272431,,,,
230.9145839,145.6366886,,,,
231.0145839,145.8466211,,,,
231.1145839,146.0570287,,,,
231.2145839,146.2678998,,,,
231.3145839,146.4792231,,,,
231.4145839,146.6909876,,,,
231.5145839,146.9031826,,,,
231.6145839,147.1157975,,,,
231.7145839,147.3288221,,,,
231.8145839,147.5422465,,,,
231.9145839,147.7560608,,,,
232.0145839,147.9702556,,,,
232.1145839,148.1848216,,,,
232.2145839,148.3997497,,,,
232.3145839,148.6150311,,,,
232.4145839,148.8306573,,,,
232.5145839,149.0466197,,,,
232.6145839,149.2629102,,,,
232.7145839,149.4795208,,,,
232.7899187,149.6429392,,,,
232.8899187,149.8600917,,,,
232.9899187,150.0775431,,,,
233.0899187,150.2952864,,,,
233.1899187,150.5133143,,,,
233.2899187,150.73162,,,,
233.3899187,150.9501966,,,,
233.4899187,151.1690376,,,,
233.5899187,151.3881364,,,,
233.6899187,151.6074869,,,,
233.7899187,151.8270829,,,,
233.8899187,152.0469183,,,,
233.9899187,152.2669874,,,,
234.0899187,152.4872844,,,,
234.1899187,152.7078039,,,,
234.2899187,152.9285403,,,,
234.3899187,153.1494884,,,,
234.4899187,153.370643,,,,
234.5899187,153.591999,,,,
234.6899187,153.8135517,,,,
234.7899187,154.0352961,,,,
234.8899187,154.2572276,,,,
234.9899187,154.4793417,,,,
235.0899187,154.7016338,,,,
235.1899187,154.9240996,,,,
235.2899187,155.146735,,,,
235.3899187,155.3695357,,,,
235.3932684,155.3770042,,,,
235.4932684,155.5999716,,,,
235.5932684,155.8230962,,,,
235.6932684,156.0463742,,,,
235.7932684,156.2698019,,,,
235.8932684,156.4933757,,,,
235.9932684,156.7170919,,,,
236.0932684,156.9409472,,,,
236.1932684,157.164938,,,,
236.2932684,157.3890612,,,,
236.3932684,157.6133134,,,,
236.4932684,157.8376915,,,,
236.5932684,158.0621925,,,,
236.6932684,158.2868134,,,,
236.7932684,158.5115512,,,,
236.8932684,158.736403,,,,
236.9932684,158.9613662,,,,
237.0932684,159.186438,,,,
237.1932684,159.4116156,,,,
237.2932684,159.6368967,,,,
237.3932684,159.8622785,,,,
237.4932684,160.0877587,,,,
237.5932684,160.3133349,,,,
237.6932684,160.5390047,,,,
237.7932684,160.7647659,,,,
237.8932684,160.9906161,,,,
237.9666187,161.1563418,,,,
238.0666187,161.3823412,,,,
238.1666187,161.6084239,,,,
238.2666187,161.8345878,,,,
238.3666187,162.060831,,,,
238.4666187,162.2871516,,,,
238.5666187,162.5135477,,,,
238.6666187,162.7400173,,,,
238.7666187,162.9665588,,,,
238.8666187,163.1931703,,,,
238.9666187,163.4198502,,,,
239.0666187,163.6465967,,,,
239.1666187,163.8734084,,,,
239.2666187,164.1002835,,,,
239.3666187,164.3272205,,,,
239.4666187,164.5542179,,,,
239.5666187,164.7812742,,,,
239.6666187,165.0083881,,,,
239.7666187,165.235558,,,,
239.8666187,165.4627827,,,,
239.9666187,165.6900607,,,,
240.0666187,165.9173908,,,,
240.1666187,166.1447717,,,,
240.2666187,166.3722022,,,,
240.3666187,166.5996811,,,,
240.4666187,166.8272071,,,,
240.5666187,167.0547791,,,,
240.6666187,167.282396,,,,
240.7666187,167.5100568,,,,
240.8188964,167.6290949,,,,
240.9188964,167.8568202,,,,
241.0188964,168.0845866,,,,
241.1188964,168.3123931,,,,
241.2188964,168.5402388,,,,
241.3188964,168.7681228,,,,
241.4188964,168.996044,,,,
241.5188964,169.2240016,,,,
241.6188964,169.4519946,,,,
241.7188964,169.6800223,,,,
241.8188964,169.9080837,,,,
241.8494181,169.9777019,,,,
241.9494181,170.1970405,,,,
242.0494181,170.416411,,,,
242.1494181,170.6358127,,,,
242.2494181,170.8552447,,,,
242.3494181,171.0747063,,,,
242.4494181,171.2941968,,,,
242.5494181,171.5137155,,,,
242.6494181,171.7332617,,,,
242.7494181,171.9528347,,,,
242.8494181,172.1724339,,,,
242.9494181,172.3920586,,,,
243.0494181,172.6117082,,,,
243.1494181,172.8313821,,,,
243.2081638,172.960445,,,,
243.3081638,173.1801562,,,,
243.4081638,173.3998901,,,,
243.5081638,173.6196463,,,,
243.6081638,173.8394242,,,,
243.7081638,174.0592232,,,,
243.8081638,174.2790429,,,,
243.9081638,174.4988827,,,,
244.0081638,174.7187421,,,,
244.1081638,174.9386207,,,,
244.2081638,175.158518,,,,
244.3081638,175.3784335,,,,
244.4081638,175.5983668,,,,
244.5081638,175.8183174,,,,
244.6081638,176.0382849,,,,
244.7081638,176.258269,,,,
244.8081638,176.4782691,,,,
244.9081638,176.698285,,,,
245.0081638,176.9183162,,,,
245.1081638,177.1383623,,,,
245.2081638,177.358423,,,,
245.3081638,177.578498,,,,
245.4081638,177.7985867,,,,
245.5081638,178.0186891,,,,
245.5446857,178.0990796,,,,
245.6446857,178.3191998,,,,
245.7446857,178.5393328,,,,
245.8446857,178.7594782,,,,
245.9446857,178.9796358,,,,
246.0446857,179.1998052,,,,
246.1446857,179.4199862,,,,
246.2446857,179.6401784,,,,
246.3446857,179.8603817,,,,
246.4446857,180.0805956,,,,
246.5446857,180.30082,,,,
246.6446857,180.5210546,,,,
246.7446857,180.7412992,,,,
246.8446857,180.9615534,,,,
246.9446857,181.1818171,,,,
247.0446857,181.4020901,,,,
247.1446857,181.622372,,,,
247.2446857,181.8426628,,,,
247.3446857,182.0629621,,,,
247.4446857,182.2832697,,,,
247.5446857,182.5035855,,,,
247.6446857,182.7239093,,,,
247.7446857,182.9442408,,,,
247.8446857,183.1645798,,,,
247.9446857,183.3849263,,,,
248.0446857,183.6052799,,,,
248.1446857,183.8256405,,,,
248.2446857,184.046008,,,,
248.3446857,184.2663822,,,,
248.4446857,184.4867628,,,,
248.4748666,184.5532775,,,,
248.5748666,184.7736664,,,,
248.6748666,184.9940614,,,,
248.7748666,185.2144624,,,,
248.8748666,185.4348693,,,,
248.9748666,185.6552818,,,,
249.0748666,185.8756999,,,,
249.1748666,186.0961234,,,,
249.2748666,186.3165522,,,,
249.3748666,186.5369862,,,,
249.4748666,186.7574251,,,,
249.5748666,186.977869,,,,
249.6748666,187.1983176,,,,
249.7748666,187.4187709,,,,
249.8748666,187.6392288,,,,
249.9748666,187.8596911,,,,
250.0748666,188.0801577,,,,
250.1748666,188.3006285,,,,
250.2748666,188.5211034,,,,
250.3748666,188.7415823,,,,
250.4748666,188.9620651,,,,
250.5748666,189.1825518,,,,
250.6748666,189.4030421,,,,
250.7748666,189.6235361,,,,
250.8748666,189.8440336,,,,
250.9748666,190.0645345,,,,
251,190.1199547,,,,
251.1,190.3346862,,,,
251.2,190.5439344,,,,
251.3,190.7478328,,,,
251.3513745,190.8499032,,,,
251.4513745,191.0459663,,,,
251.5513745,191.237001,,,,
251.6513745,191.42313,,,,
251.7513745,191.6044728,,,,
251.8513745,191.7811461,,,,
251.9513745,191.9532637,,,,
252.0513745,192.1209366,,,,
252.1513745,192.2842732,,,,
252.2513745,192.4433793,,,,
252.3513745,192.5983578,,,,
252.4513745,192.7493095,,,,
252.5513745,192.8963325,,,,
252.6513745,193.0395225,,,,
252.7513745,193.178973,,,,
252.8513745,193.3147751,,,,
252.9513745,193.4470178,,,,
253.0513745,193.5757878,,,,
253.1513745,193.7011697,,,,
253.2513745,193.8232463,,,,
253.3513745,193.9420979,,,,
253.4513745,194.0578033,,,,
253.5513745,194.1704391,,,,
253.6513745,194.2800801,,,,
253.7513745,194.3867994,,,,
253.8513745,194.4906682,,,,
253.9513745,194.5917559,,,,
254.0513745,194.6901303,,,,
254.1513745,194.7858576,,,,
254.2513745,194.8790023,,,,
254.311435,194.9334321,,,,
254.411435,195.0225807,,,,
254.511435,195.1093071,,,,
254.611435,195.1936702,,,,
254.711435,195.2757278,,,,
254.811435,195.3555359,,,,
254.911435,195.4331495,,,,
255.011435,195.5086219,,,,
255.111435,195.5820055,,,,
255.211435,195.6533511,,,,
255.311435,195.7227085,,,,
255.411435,195.7901259,,,,
255.511435,195.8556509,,,,
255.611435,195.9193294,,,,
255.711435,195.9812065,,,,
255.811435,196.0413261,,,,
255.911435,196.099731,,,,
256.011435,196.156463,,,,
256.111435,196.211563,,,,
256.211435,196.2650706,,,,
256.311435,196.3170248,,,,
256.411435,196.3674633,,,,
256.511435,196.4164231,,,,
256.611435,196.4639403,,,,
256.711435,196.51005,,,,
256.811435,196.5547866,,,,
256.911435,196.5981834,,,,
257.011435,196.6402732,,,,
257.111435,196.6810878,,,,
257.211435,196.7206583,,,,
257.265217,196.7412873,,,,
257.365217,196.7790071,,,,
257.465217,196.8155582,,,,
257.565217,196.8509692,,,,
257.665217,196.8852678,,,,
257.765217,196.9184811,,,,
257.865217,196.9506356,,,,
257.965217,196.981757,,,,
258.065217,197.0118706,,,,
258.165217,197.041001,,,,
258.265217,197.069172,,,,
258.365217,197.0964072,,,,
258.465217,197.1227292,,,,
258.565217,197.1481604,,,,
258.665217,197.1727224,,,,
258.765217,197.1964365,,,,
258.865217,197.2193233,,,,
258.965217,197.241403,,,,
259.065217,197.2626952,,,,
259.165217,197.2832192,,,,
259.265217,197.3029937,,,,
259.365217,197.3220369,,,,
259.465217,197.3403667,,,,
259.565217,197.3580005,,,,
259.665217,197.3749551,,,,
259.765217,197.3912473,,,,
259.8061973,197.397659,,,,
259.9061973,197.4130463,,,,
260.0061973,197.4278094,,,,
260.1061973,197.4419633,,,,
260.2061973,197.455523,,,,
260.3061973,197.4685029,,,,
260.4061973,197.4809172,,,,
260.5061973,197.4927796,,,,
260.6061973,197.5041036,,,,
260.7061973,197.5149023,,,,
260.8061973,197.5251886,,,,
260.9061973,197.5349749,,,,
261.0061973,197.5442734,,,,
261.1061973,197.553096,,,,
261.2061973,197.5614543,,,,
261.3061973,197.5693596,,,,
261.4061973,197.576823,,,,
261.5061973,197.5838552,,,,
261.6061973,197.5904667,,,,
261.7061973,197.5966678,,,,
261.8061973,197.6024685,,,,
261.9061973,197.6078786,,,,
262.0061973,197.6129075,,,,
262.1061973,197.6175646,,,,
262.1085788,197.6176669,,,,
262.2085788,197.6219528,,,,
262.3085788,197.625885,,,,
262.4085788,197.6294721,,,,
262.5085788,197.6327225,,,,
262.6085788,197.6356444,,,,
262.7085788,197.6382458,,,,
262.8085788,197.6405346,,,,
262.9085788,197.6425183,,,,
263.0085788,197.6442045,,,,
263.1085788,197.6456002,,,,
263.2085788,197.6467127,,,,
263.3085788,197.6475489,,,,
263.4085788,197.6481154,,,,
263.5085788,197.6484188,,,,
263.6085788,197.6484656,,,,
263.7085788,197.6482619,,,,
263.8085788,197.647814,,,,
263.9085788,197.6471278,,,,
264.0085788,197.646209,,,,
264.1085788,197.6450634,,,,
264.2085788,197.6436964,,,,
264.3085788,197.6421135,,,,
264.4085788,197.64032,,,,
264.5085788,197.6383209,,,,
264.6085788,197.6361212,,,,
264.7085788,197.633726,,,,
264.8085788,197.6311398,,,,
264.839015,197.630296,,,,
264.939015,197.6274684,,,,
265.039015,197.6244604,,,,
265.139015,197.6212765,,,,
265.239015,197.6179209,,,,
265.339015,197.6143979,,,,
265.439015,197.6107114,,,,
265.539015,197.6068656,,,,
265.639015,197.6028643,,,,
265.739015,197.5987113,,,,
265.839015,197.5944102,,,,
265.939015,197.5899647,,,,
266.039015,197.5853783,,,,
266.139015,197.5806545,,,,
266.239015,197.5757965,,,,
266.339015,197.5708077,,,,
266.439015,197.5656913,,,,
266.539015,197.5604503,,,,
266.639015,197.5550878,,,,
266.739015,197.5496067,,,,
266.839015,197.54401,,,,
266.939015,197.5383005,,,,
267.039015,197.5324808,,,,
267.139015,197.5265538,,,,
267.1612783,197.5252109,,,,
267.2612783,197.5191564,,,,
267.3612783,197.5130001,,,,
267.4612783,197.5067447,,,,
267.5612783,197.5003924,,,,
267.6612783,197.4939458,,,,
267.7612783,197.487407,,,,
267.8612783,197.4807784,,,,
267.9612783,197.4740621,,,,
268.0612783,197.4672602,,,,
268.1612783,197.4603749,,,,
268.2612783,197.4534081,,,,
268.3612783,197.446362,,,,
268.4612783,197.4392383,,,,
268.5612783,197.4320389,,,,
268.6612783,197.4247659,,,,
268.7612783,197.4174208,,,,
268.8612783,197.4100055,,,,
268.9612783,197.4025217,,,,
269.0612783,197.3949711,,,,
269.1612783,197.3873553,,,,
269.2612783,197.3796758,,,,
269.3612783,197.3719343,,,,
269.4612783,197.3641322,,,,
269.5612783,197.356271,,,,
269.6612783,197.3483522,,,,
269.7612783,197.3403772,,,,
269.8612783,197.3323473,,,,
269.9612783,197.3242638,,,,
269.9939714,197.321604,,,,
270.0939714,197.3134517,,,,
270.1939714,197.3052489,,,,
270.2939714,197.2969967,,,,
270.3939714,197.2886964,,,,
270.4939714,197.2803492,,,,
270.5939714,197.2719562,,,,
270.6939714,197.2635185,,,,
270.7939714,197.2550373,,,,
270.8939714,197.2465135,,,,
270.9939714,197.2379482,,,,
271.0939714,197.2293424,,,,
271.1939714,197.2206972,,,,
271.2939714,197.2120134,,,,
271.3939714,197.203292,,,,
271.4939714,197.194534,,,,
271.5939714,197.1857401,,,,
271.6939714,197.1769114,,,,
271.7939714,197.1680486,,,,
271.8939714,197.1591526,,,,
271.9939714,197.1502242,,,,
272.0939714,197.1412641,,,,
272.1939714,197.1322732,,,,
272.2939714,197.1232522,,,,
272.3939714,197.1142018,,,,
272.4939714,197.1051228,,,,
272.5939714,197.0960158,,,,
272.6939714,197.0868815,,,,
272.7918075,197.0779189,,,,
272.8918075,197.0687326,,,,
272.9918075,197.059521,,,,
273.0918075,197.0502846,,,,
273.1918075,197.0410242,,,,
273.2918075,197.0317402,,,,
273.3918075,197.0224332,,,,
273.4918075,197.0131039,,,,
273.5918075,197.0037527,,,,
273.6918075,196.9943801,,,,
273.7918075,196.9849868,,,,
273.8918075,196.9755732,,,,
273.9918075,196.9661398,,,,
274.0918075,196.956687,,,,
274.1918075,196.9472154,,,,
274.2918075,196.9377255,,,,
274.3918075,196.9282176,,,,
274.4918075,196.9186921,,,,
274.5918075,196.9091497,,,,
274.6918075,196.8995905,,,,
274.7918075,196.8900151,,,,
274.8918075,196.8804239,,,,
274.9918075,196.8708171,,,,
275.0918075,196.8611953,,,,
275.1918075,196.8515588,,,,
275.2918075,196.8419079,,,,
275.3862103,196.8327839,,,,
275.4862103,196.8231061,,,,
275.5862103,196.8134149,,,,
275.6862103,196.8037106,,,,
275.7862103,196.7939937,,,,
275.8862103,196.7842643,,,,
275.9862103,196.7745229,,,,
276.0862103,196.7647696,,,,
276.1862103,196.7550048,,,,
276.2862103,196.7452288,,,,
276.3862103,196.7354418,,,,
276.4862103,196.7256441,,,,
276.5862103,196.715836,,,,
276.6862103,196.7060177,,,,
276.7862103,196.6961894,,,,
276.8862103,196.6863515,,,,
276.9862103,196.6765041,,,,
277.0862103,196.6666475,,,,
277.1862103,196.6567818,,,,
277.2862103,196.6469074,,,,
277.3862103,196.6370245,,,,
277.4862103,196.6271331,,,,
277.5862103,196.6172336,,,,
277.6862103,196.6073262,,,,
277.7862103,196.597411,,,,
277.8862103,196.5874882,,,,
277.9862103,196.577558,,,,
278.0862103,196.5676206,,,,
278.1862103,196.5576762,,,,
278.2862103,196.5477249,,,,
278.331456,196.5432194,,,,
278.431456,196.5332584,,,,
278.531456,196.523291,,,,
278.631456,196.5133173,,,,
278.731456,196.5033375,,,,
278.831456,196.4933517,,,,
278.931456,196.48336,,,,
279.031456,196.4733626,,,,
279.131456,196.4633596,,,,
279.231456,196.4533512,,,,
279.331456,196.4433375,,,,
279.431456,196.4333186,,,,
279.531456,196.4232947,,,,
279.631456,196.4132658,,,,
279.731456,196.4032322,,,,
279.831456,196.3931938,,,,
279.931456,196.3831509,,,,
280.031456,196.3731035,,,,
280.131456,196.3630518,,,,
280.231456,196.3529958,,,,
280.331456,196.3429357,,,,
280.431456,196.3328715,,,,
280.531456,196.3228034,,,,
280.631456,196.3127315,,,,
280.731456,196.3026558,,,,
280.7369469,196.3021023,,,,
280.8369469,196.2920228,,,,
280.9369469,196.2819396,,,,
281,196.2755797,,,,
281.1,196.2697157,,,,
281.2,196.2678631,,,,
281.3,196.2699241,,,,
281.4,196.2758034,,,,
281.5,196.2854078,,,,
281.6,196.2986466,,,,
281.7,196.3154312,,,,
281.8,196.3356752,,,,
281.9,196.3592942,,,,
282,196.386206,,,,
282.1,196.4163303,,,,
282.2,196.4495888,,,,
282.3,196.4859051,,,,
282.4,196.5252046,,,,
282.5,196.5674148,,,,
282.6,196.6124645,,,,
282.7,196.6602847,,,,
282.8,196.7108077,,,,
282.8400208,196.7320827,,,,
282.9400208,196.7862723,,,,
283.0400208,196.8430096,,,,
283.1400208,196.9022323,,,,
283.2400208,196.96388,,,,
283.3400208,197.0278934,,,,
283.4400208,197.0942151,,,,
283.5400208,197.1627886,,,,
283.6400208,197.2335591,,,,
283.7400208,197.3064731,,,,
283.8400208,197.3814783,,,,
283.9400208,197.4585237,,,,
284.0400208,197.5375596,,,,
284.1400208,197.6185374,,,,
284.2400208,197.7014099,,,,
284.3400208,197.7861309,,,,
284.4400208,197.8726553,,,,
284.5400208,197.9609391,,,,
284.6400208,198.0509394,,,,
284.7400208,198.1426145,,,,
284.8400208,198.2359234,,,,
284.9400208,198.3308265,,,,
285.0400208,198.4272847,,,,
285.1400208,198.5252602,,,,
285.2400208,198.624716,,,,
285.3400208,198.7256161,,,,
285.4283467,198.8159815,,,,
285.5283467,198.9195048,,,,
285.6283467,199.0243731,,,,
285.7283467,199.1305538,,,,
285.8283467,199.2380147,,,,
285.9283467,199.3467248,,,,
286.0283467,199.4566535,,,,
286.1283467,199.5677711,,,,
286.2283467,199.6800488,,,,
286.3283467,199.793458,,,,
286.4283467,199.9079714,,,,
286.5283467,200.023562,,,,
286.6283467,200.1402035,,,,
286.7283467,200.2578703,,,,
286.8283467,200.3765375,,,,
286.9283467,200.4961806,,,,
287.0283467,200.6167758,,,,
287.1283467,200.7382999,,,,
287.2283467,200.8607304,,,,
287.3283467,200.984045,,,,
287.4283467,201.1082223,,,,
287.5283467,201.2332412,,,,
287.6283467,201.3590812,,,,
287.7283467,201.4857223,,,,
287.8283467,201.613145,,,,
287.9283467,201.7413301,,,,
288.0270165,201.8685442,,,,
288.1270165,201.9981894,,,,
288.2270165,202.1285429,,,,
288.3270165,202.2595875,,,,
288.4270165,202.3913063,,,,
288.5270165,202.5236829,,,,
288.6270165,202.6567013,,,,
288.7270165,202.7903457,,,,
288.8270165,202.924601,,,,
288.9270165,203.0594522,,,,
289.0270165,203.1948849,,,,
289.1270165,203.3308848,,,,
289.2270165,203.4674381,,,,
289.3270165,203.6045313,,,,
289.4270165,203.7421513,,,,
289.5270165,203.8802853,,,,
289.6270165,204.0189206,,,,
289.7270165,204.1580451,,,,
289.8270165,204.2976469,,,,
289.9270165,204.4377143,,,,
290.0270165,204.5782359,,,,
290.1270165,204.7192008,,,,
290.2270165,204.860598,,,,
290.3270165,205.0024171,,,,
290.4270165,205.1446477,,,,
290.5021539,205.2518178,,,,
290.6021539,205.3947443,,,,
290.7021539,205.5380553,,,,
290.8021539,205.6817416,,,,
290.9021539,205.8257939,,,,
291.0021539,205.9702033,,,,
291.1021539,206.1149612,,,,
291.2021539,206.260059,,,,
291.3021539,206.4054884,,,,
291.4021539,206.5512413,,,,
291.5021539,206.6973099,,,,
291.6021539,206.8436865,,,,
291.7021539,206.9903635,,,,
291.8021539,207.1373337,,,,
291.9021539,207.2845898,,,,
292.0021539,207.432125,,,,
292.1021539,207.5799324,,,,
292.2021539,207.7280053,,,,
292.3021539,207.8763374,,,,
292.4021539,208.0249222,,,,
292.5021539,208.1737537,,,,
292.6021539,208.3228258,,,,
292.7021539,208.4721326,,,,
292.8021539,208.6216684,,,,
292.9021539,208.7714277,,,,
293.0021539,208.921405,,,,
293.1021539,209.0715949,,,,
293.2021539,209.2219923,,,,
293.2879573,209.3512121,,,,
293.3879573,209.5019814,,,,
293.4879573,209.6529441,,,,
293.5879573,209.8040954,,,,
293.6879573,209.9554308,,,,
293.7879573,210.1069457,,,,
293.8879573,210.2586358,,,,
293.9879573,210.4104968,,,,
294.0879573,210.5625246,,,,
294.1879573,210.7147151,,,,
294.2879573,210.8670642,,,,
294.3879573,211.0195682,,,,
294.4879573,211.1722233,,,,
294.5879573,211.3250258,,,,
294.6879573,211.477972,,,,
294.7879573,211.6310585,,,,
294.8879573,211.7842819,,,,
294.9879573,211.9376388,,,,
295.0879573,212.091126,,,,
295.1879573,212.2447403,,,,
295.2879573,212.3984786,,,,
295.3879573,212.5523378,,,,
295.4879573,212.7063151,,,,
295.5879573,212.8604075,,,,
295.6879573,213.0146122,,,,
295.7879573,213.1689266,,,,
295.8677101,213.2920819,,,,
295.9677101,213.4465864,,,,
296.0677101,213.6011931,,,,
296.1677101,213.7558997,,,,
296.2677101,213.9107036,,,,
296.3677101,214.0656024,,,,
296.4677101,214.220594,,,,
296.5677101,214.375676,,,,
296.6677101,214.5308461,,,,
296.7677101,214.6861023,,,,
296.8677101,214.8414425,,,,
296.9677101,214.9968645,,,,
297,215.047076,,,,
297.1,215.1983786,,,,
297.2,215.3457439,,,,
297.3,215.4892679,,,,
297.4,215.6290443,,,,
297.5,215.7651644,,,,
297.6,215.8977173,,,,
297.7,216.02679,,,,
297.8,216.1524673,,,,
297.9,216.2748319,,,,
297.98239,216.3729854,,,,
298.08239,216.4895203,,,,
298.18239,216.6029654,,,,
298.28239,216.7133961,,,,
298.38239,216.8208858,,,,
298.48239,216.9255061,,,,
298.58239,217.0273271,,,,
298.68239,217.126417,,,,
298.78239,217.2228423,,,,
298.88239,217.316668,,,,
298.98239,217.4079574,,,,
299.08239,217.4967724,,,,
299.18239,217.5831733,,,,
299.28239,217.667219,,,,
299.38239,217.7489668,,,,
299.48239,217.8284728,,,,
299.58239,217.9057915,,,,
299.68239,217.9809764,,,,
299.78239,218.0540794,,,,
299.88239,218.1251513,,,,
299.98239,218.1942415,,,,
300.0237883,218.2220434,,,,
300.1237883,218.2884195,,,,
300.2237883,218.3529284,,,,
300.3237883,218.4156157,,,,
300.4237883,218.4765258,,,,
300.5237883,218.5357019,,,,
300.6237883,218.5931864,,,,
300.7237883,218.6490204,,,,
300.8237883,218.7032443,,,,
300.9237883,218.7558972,,,,
301.0237883,218.8070175,,,,
301.1237883,218.8566424,,,,
301.2237883,218.9048086,,,,
301.3237883,218.9515514,,,,
301.4237883,218.9969056,,,,
301.5237883,219.0409051,,,,
301.6237883,219.0835829,,,,
301.7237883,219.1249711,,,,
301.8237883,219.1651013,,,,
301.9237883,219.2040041,,,,
302.0237883,219.2417094,,,,
302.1237883,219.2782463,,,,
302.2237883,219.3136435,,,,
302.3237883,219.3479286,,,,
302.4237883,219.3811287,,,,
302.4921525,219.4031021,,,,
302.5921525,219.4345378,,,,
302.6921525,219.4649579,,,,
302.709808,219.4701539,,,,
302.809808,219.4994127,,,,
302.909808,219.5277091,,,,
303.009808,219.5550665,,,,
303.109808,219.5815078,,,,
303.209808,219.6070554,,,,
303.309808,219.631731,,,,
303.409808,219.655556,,,,
303.509808,219.6785509,,,,
303.609808,219.7007361,,,,
303.709808,219.7221313,,,,
303.809808,219.7427558,,,,
303.909808,219.7626283,,,,
304.009808,219.7817672,,,,
304.109808,219.8001903,,,,
304.209808,219.8179151,,,,
304.309808,219.8349586,,,,
304.409808,219.8513375,,,,
304.509808,219.8670678,,,,
304.609808,219.8821656,,,,
304.709808,219.896646,,,,
304.809808,219.9105243,,,,
304.909808,219.923815,,,,
305.009808,219.9365325,,,,
305.109808,219.9486908,,,,
305.209808,219.9603036,,,,
305.309808,219.971384,,,,
305.409808,219.981945,,,,
305.4741831,219.9884176,,,,
305.5741831,219.9981538,,,,
305.6741831,220.0074034,,,,
305.7741831,220.0161783,,,,
305.8741831,220.0244901,,,,
305.9741831,220.0323501,,,,
306.0741831,220.0397692,,,,
306.1741831,220.0467582,,,,
306.2741831,220.0533277,,,,
306.3741831,220.0594878,,,,
306.4741831,220.0652484,,,,
306.5741831,220.0706195,,,,
306.6741831,220.0756103,,,,
306.7741831,220.0802303,,,,
306.8741831,220.0844884,,,,
306.9741831,220.0883935,,,,
307.0741831,220.0919541,,,,
307.1741831,220.0951787,,,,
307.2741831,220.0980755,,,,
307.3741831,220.1006524,,,,
307.4741831,220.1029173,,,,
307.5741831,220.1048777,,,,
307.640496,220.1059808,,,,
307.740496,220.107452,,,,
307.840496,220.1086381,,,,
307.940496,220.1095461,,,,
308.040496,220.1101827,,,,
308.140496,220.1105545,,,,
308.240496,220.110668,,,,
308.340496,220.1105295,,,,
308.440496,220.1101452,,,,
308.540496,220.1095209,,,,
308.640496,220.1086627,,,,
308.740496,220.1075761,,,,
308.840496,220.1062668,,,,
308.940496,220.1047401,,,,
309.040496,220.1030014,,,,
309.140496,220.1010558,,,,
309.240496,220.0989085,,,,
309.340496,220.0965642,,,,
309.440496,220.0940278,,,,
309.540496,220.091304,,,,
309.640496,220.0883973,,,,
309.740496,220.0853123,,,,
309.840496,220.0820532,,,,
309.8673265,220.0811332,,,,
309.9673265,220.0776599,,,,
310.0673265,220.0740219,,,,
310.1673265,220.0702234,,,,
310.2673265,220.0662683,,,,
310.3673265,220.0621603,,,,
310.4673265,220.0579032,,,,
310.5673265,220.0535006,,,,
310.6673265,220.0489561,,,,
310.7673265,220.0442731,,,,
310.8673265,220.039455,,,,
310.9673265,220.0345052,,,,
311.0673265,220.0294267,,,,
311.1673265,220.0242228,,,,
311.2673265,220.0188964,,,,
311.3673265,220.0134507,,,,
311.4673265,220.0078884,,,,
311.5673265,220.0022125,,,,
311.6673265,219.9964257,,,,
311.7673265,219.9905307,,,,
311.8673265,219.9845302,,,,
311.9673265,219.9784266,,,,
311.9881247,219.9771363,,,,
312.0881247,219.9709119,,,,
312.1881247,219.96459,,,,
312.2881247,219.958173,,,,
312.3881247,219.9516631,,,,
312.4881247,219.9450626,,,,
312.5881247,219.9383738,,,,
312.6881247,219.9315988,,,,
312.7881247,219.9247397,,,,
312.8881247,219.9177985,,,,
312.9881247,219.9107772,,,,
313.0881247,219.9036779,,,,
313.1881247,219.8965024,,,,
313.2881247,219.8892525,,,,
313.3881247,219.8819301,,,,
313.4881247,219.8745369,,,,
313.5881247,219.8670747,,,,
313.6881247,219.8595452,,,,
313.7881247,219.8519499,,,,
313.8881247,219.8442905,,,,
313.9881247,219.8365686,,,,
314.0881247,219.8287857,,,,
314.1881247,219.8209432,,,,
314.2881247,219.8130426,,,,
314.3881247,219.8050854,,,,
314.4881247,219.7970729,,,,
314.5881247,219.7890064,,,,
314.6881247,219.7808873,,,,
314.7881247,219.7727169,,,,
314.8881247,219.7644963,,,,
314.9317435,219.7608893,,,,
315.0317435,219.7525991,,,,
315.1317435,219.7442618,,,,
315.2317435,219.7358784,,,,
315.3317435,219.7274501,,,,
315.4317435,219.718978,,,,
315.5317435,219.7104632,,,,
315.6317435,219.7019067,,,,
315.7317435,219.6933095,,,,
315.8317435,219.6846726,,,,
315.9317435,219.675997,,,,
316.0317435,219.6672836,,,,
316.1317435,219.6585333,,,,
316.2317435,219.6497471,,,,
316.3317435,219.6409258,,,,
316.4317435,219.6320703,,,,
316.5317435,219.6231814,,,,
316.6317435,219.6142599,,,,
316.7317435,219.6053067,,,,
316.8317435,219.5963224,,,,
316.9317435,219.5873079,,,,
317.0317435,219.5782638,,,,
317.1317435,219.569191,,,,
317.2317435,219.56009,,,,
317.3317435,219.5509617,,,,
317.4317435,219.5418066,,,,
317.5317435,219.5326254,,,,
317.6317435,219.5234188,,,,
317.6999801,219.5171195,,,,
317.7999801,219.5078715,,,,
317.8999801,219.4985997,,,,
317.9999801,219.4893047,,,,
318.0999801,219.4799869,,,,
318.1999801,219.470647,,,,
318.2999801,219.4612856,,,,
318.3999801,219.451903,,,,
318.4999801,219.4425,,,,
318.5999801,219.4330769,,,,
318.6999801,219.4236342,,,,
318.7999801,219.4141724,,,,
318.8999801,219.4046921,,,,
318.9999801,219.3951935,,,,
319.0999801,219.3856773,,,,
319.1999801,219.3761438,,,,
319.2999801,219.3665934,,,,
319.3999801,219.3570265,,,,
319.4999801,219.3474436,,,,
319.5999801,219.337845,,,,
319.6999801,219.3282312,,,,
319.7999801,219.3186024,,,,
319.8999801,219.3089591,,,,
319.9999801,219.2993016,,,,
320.0999801,219.2896303,,,,
320.1999801,219.2799454,,,,
320.2999801,219.2702474,,,,
320.3999801,219.2605365,,,,
320.4999801,219.2508131,,,,
320.5641977,219.2445611,,,,
320.6641977,219.2348178,,,,
320.7641977,219.2250627,,,,
320.8641977,219.2152962,,,,
320.9641977,219.2055184,,,,
321.0641977,219.1957298,,,,
321.1641977,219.1859305,,,,
321.2641977,219.1761208,,,,
321.3641977,219.166301,,,,
321.4641977,219.1564713,,,,
321.5641977,219.1466319,,,,
321.6641977,219.1367832,,,,
321.7641977,219.1269252,,,,
321.8641977,219.1170583,,,,
321.9641977,219.1071827,,,,
322.0641977,219.0972985,,,,
322.1641977,219.087406,,,,
322.2641977,219.0775054,,,,
322.3641977,219.0675969,,,,
322.4641977,219.0576807,,,,
322.5641977,219.0477569,,,,
322.613162,219.0428942,,,,
322.713162,219.0329595,,,,
322.813162,219.0230178,,,,
322.913162,219.0130691,,,,
323.013162,219.0031137,,,,
323.113162,218.9931517,,,,
323.213162,218.9831833,,,,
323.313162,218.9732086,,,,
323.413162,218.9632278,,,,
323.513162,218.9532411,,,,
323.613162,218.9432485,,,,
323.713162,218.9332503,,,,
323.813162,218.9232465,,,,
323.913162,218.9132373,,,,
324.013162,218.9032228,,,,
324.113162,218.8932032,,,,
324.213162,218.8831786,,,,
324.313162,218.8731491,,,,
324.413162,218.8631148,,,,
324.513162,218.8530758,,,,
324.613162,218.8430323,,,,
324.713162,218.8329844,,,,
324.813162,218.8229321,,,,
324.86752,218.8174656,,,,
324.96752,218.8074069,,,,
325.06752,218.7973441,,,,
325.16752,218.7872773,,,,
325.26752,218.7772067,,,,
325.36752,218.7671323,,,,
325.46752,218.7570542,,,,
325.56752,218.7469725,,,,
325.66752,218.7368873,,,,
325.76752,218.7267987,,,,
325.86752,218.7167068,,,,
325.96752,218.7066116,,,,
326.06752,218.6965132,,,,
326.16752,218.6864118,,,,
326.26752,218.6763073,,,,
326.36752,218.6661998,,,,
326.46752,218.6560895,,,,
326.56752,218.6459764,,,,
326.66752,218.6358605,,,,
326.76752,218.625742,,,,
326.86752,218.6156208,,,,
326.96752,218.6054972,,,,
327.06752,218.595371,,,,
327.16752,218.5852424,,,,
327.26752,218.5751115,,,,
327.2926333,218.5725667,,,,
327.3926333,218.5624328,,,,
327.4926333,218.5522968,,,,
327.5926333,218.5421586,,,,
327.6926333,218.5320182,,,,
327.7926333,218.5218758,,,,
327.8926333,218.5117313,,,,
327.9926333,218.5015849,,,,
328.0926333,218.4914365,,,,
328.1926333,218.4812863,,,,
328.2926333,218.4711342,,,,
328.3926333,218.4609803,,,,
328.4926333,218.4508247,,,,
328.5926333,218.4406674,,,,
328.6926333,218.4305084,,,,
328.7926333,218.4203478,,,,
328.8926333,218.4101857,,,,
328.9926333,218.4000219,,,,
329.0926333,218.3898567,,,,
329.1926333,218.37969,,,,
329.2926333,218.3695219,,,,
329.3926333,218.3593524,,,,
329.4926333,218.3491815,,,,
329.5926333,218.3390093,,,,
329.6926333,218.3288357,,,,
329.719873,218.3260642,,,,
329.819873,218.315889,,,,
329.919873,218.3057127,,,,
330.019873,218.2955351,,,,
330.119873,218.2853564,,,,
330.219873,218.2751766,,,,
330.319873,218.2649956,,,,
330.419873,218.2548135,,,,
330.519873,218.2446304,,,,
330.619873,218.2344463,,,,
330.719873,218.2242611,,,,
330.819873,218.214075,,,,
330.919873,218.2038879,,,,
331.019873,218.1936998,,,,
331.119873,218.1835109,,,,
331.219873,218.1733211,,,,
331.319873,218.1631304,,,,
331.419873,218.1529388,,,,
331.519873,218.1427464,,,,
331.619873,218.1325532,,,,
331.719873,218.1223593,,,,
331.819873,218.1121645,,,,
331.919873,218.101969,,,,
332.019873,218.0917728,,,,
332.1310557,218.0804355,,,,
332.2310557,218.0702378,,,,
332.3310557,218.0600394,,,,
332.4310557,218.0498403,,,,
332.5310557,218.0396406,,,,
332.6310557,218.0294403,,,,
332.7310557,218.0192394,,,,
332.8310557,218.0090379,,,,
332.9310557,217.9988357,,,,
333.0310557,217.988633,,,,
333.1310557,217.9784298,,,,
333.2310557,217.968226,,,,
333.3310557,217.9580217,,,,
333.4310557,217.9478169,,,,
333.5310557,217.9376115,,,,
333.6310557,217.9274057,,,,
333.7310557,217.9171994,,,,
333.8310557,217.9069926,,,,
333.9310557,217.8967854,,,,
334.0310557,217.8865777,,,,
334.1310557,217.8763696,,,,
334.2310557,217.8661611,,,,
334.3310557,217.8559521,,,,
334.4310557,217.8457428,,,,
334.5310557,217.835533,,,,
334.6310557,217.8253229,,,,
334.653328,217.8230488,,,,
334.753328,217.8128382,,,,
334.853328,217.8026272,,,,
334.953328,217.7924159,,,,
335.053328,217.7822043,,,,
335.153328,217.7719923,,,,
335.253328,217.76178,,,,
335.353328,217.7515673,,,,
335.453328,217.7413544,,,,
335.553328,217.7311411,,,,
335.653328,217.7209276,,,,
335.753328,217.7107137,,,,
335.853328,217.7004996,,,,
335.953328,217.6902852,,,,
336.053328,217.6800705,,,,
336.153328,217.6698556,,,,
336.253328,217.6596404,,,,
336.353328,217.6494249,,,,
336.453328,217.6392092,,,,
336.553328,217.6289933,,,,
336.653328,217.6187771,,,,
336.753328,217.6085607,,,,
336.853328,217.5983441,,,,
336.9049678,217.5930681,,,,
337.0049678,217.5828512,,,,
337.1049678,217.572634,,,,
337.2049678,217.5624167,,,,
337.3049678,217.5521991,,,,
337.4049678,217.5419814,,,,
337.5049678,217.5317634,,,,
337.6049678,217.5215453,,,,
337.7049678,217.511327,,,,
337.8049678,217.5011085,,,,
337.9049678,217.4908899,,,,
338.0049678,217.4806711,,,,
338.1049678,217.4704521,,,,
338.2049678,217.460233,,,,
338.3049678,217.4500137,,,,
338.4049678,217.4397942,,,,
338.5049678,217.4295746,,,,
338.6049678,217.4193549,,,,
338.7049678,217.409135,,,,
338.8049678,217.398915,,,,
338.9049678,217.3886948,,,,
339.0049678,217.3784746,,,,
339.1049678,217.3682542,,,,
339.2049678,217.3580336,,,,
339.3026566,217.3480492,,,,
339.4026566,217.3378284,,,,
339.5026566,217.3276075,,,,
339.6026566,217.3173865,,,,
339.7026566,217.3071654,,,,
339.8026566,217.2969442,,,,
339.9026566,217.2867229,,,,
340.0026566,217.2765015,,,,
340.1026566,217.26628,,,,
340.2026566,217.2560583,,,,
340.3026566,217.2458366,,,,
340.4026566,217.2356148,,,,
340.5026566,217.2253929,,,,
340.6026566,217.2151709,,,,
340.7026566,217.2049489,,,,
340.8026566,217.1947267,,,,
340.9026566,217.1845045,,,,
341.0026566,217.1742822,,,,
341.1026566,217.1640598,,,,
341.2026566,217.1538373,,,,
341.3026566,217.1436147,,,,
341.4140189,217.1322306,,,,
341.5140189,217.1220079,,,,
341.6140189,217.1117851,,,,
341.7140189,217.1015623,,,,
341.8140189,217.0913394,,,,
341.9140189,217.0811164,,,,
342.0140189,217.0708934,,,,
342.1140189,217.0606703,,,,
342.2140189,217.0504472,,,,
342.3140189,217.040224,,,,
342.4140189,217.0300007,,,,
342.5140189,217.0197774,,,,
342.6140189,217.0095541,,,,
342.7140189,216.9993306,,,,
342.8140189,216.9891072,,,,
342.9140189,216.9788837,,,,
343.0140189,216.9686601,,,,
343.1140189,216.9584365,,,,
343.2140189,216.9482128,,,,
343.3140189,216.9379891,,,,
343.4140189,216.9277653,,,,
343.5140189,216.9175416,,,,
343.6140189,216.9073177,,,,
343.7140189,216.8970938,,,,
343.8140189,216.8868699,,,,
343.9140189,216.876646,,,,
344.0140189,216.866422,,,,
344.1634304,216.8511461,,,,
344.2634304,216.840922,,,,
344.3634304,216.8306979,,,,
344.4634304,216.8204737,,,,
344.5634304,216.8102495,,,,
344.6634304,216.8000253,,,,
344.7634304,216.789801,,,,
344.8634304,216.7795768,,,,
344.9634304,216.7693524,,,,
345.0634304,216.7591281,,,,
345.1634304,216.7489037,,,,
345.2634304,216.7386793,,,,
345.3634304,216.7284549,,,,
345.4634304,216.7182304,,,,
345.5634304,216.708006,,,,
345.6634304,216.6977815,,,,
345.7634304,216.6875569,,,,
345.8634304,216.6773324,,,,
345.9634304,216.6671078,,,,
346.0634304,216.6568832,,,,
346.1859625,216.6443547,,,,
346.2859625,216.6341301,,,,
346.3859625,216.6239054,,,,
346.4859625,216.6136807,,,,
346.5859625,216.603456,,,,
346.6859625,216.5932313,,,,
346.7859625,216.5830065,,,,
346.8859625,216.5727818,,,,
346.9859625,216.562557,,,,
347.0859625,216.5523322,,,,
347.1859625,216.5421073,,,,
347.2859625,216.5318825,,,,
347.3859625,216.5216576,,,,
347.4859625,216.5114328,,,,
347.5859625,216.5012079,,,,
347.6859625,216.490983,,,,
347.7859625,216.480758,,,,
347.8859625,216.4705331,,,,
347.9859625,216.4603082,,,,
348.0859625,216.4500832,,,,
348.1859625,216.4398582,,,,
348.2859625,216.4296332,,,,
348.3859625,216.4194082,,,,
348.4859625,216.4091832,,,,
348.5859625,216.3989582,,,,
348.6859625,216.3887331,,,,
348.8738392,216.3695226,,,,
348.9738392,216.3592975,,,,
349.0738392,216.3490725,,,,
349.1738392,216.3388474,,,,
349.2738392,216.3286222,,,,
349.3738392,216.3183971,,,,
349.5738392,216.2979469,,,,
349.7738392,216.2774966,,,,
349.9738392,216.2570462,,,,
350.1738392,216.2365958,,,,
350.3738392,216.2161454,,,,
350.5738392,216.195695,,,,
350.7738392,216.1752445,,,,
350.9738392,216.154794,,,,
351.1738392,216.1343435,,,,
351.3738392,216.1138929,,,,
351.5826474,216.0925417,,,,
351.7826474,216.0720911,,,,
351.9826474,216.0516404,,,,
352.1826474,216.0311898,,,,
352.3826474,216.0107391,,,,
352.5826474,215.9902884,,,,
352.7826474,215.9698377,,,,
352.9826474,215.949387,,,,
353.1826474,215.9289363,,,,
353.3826474,215.9084855,,,,
353.5871107,215.8875783,,,,
353.7871107,215.8671276,,,,
353.9871107,215.8466768,,,,
354.2871107,215.8160005,,,,
354.5871107,215.7853243,,,,
354.8871107,215.754648,,,,
355.1871107,215.7239717,,,,
355.4871107,215.6932953,,,,
355.7656718,215.6648112,,,,
356.0656718,215.6341348,,,,
356.3656718,215.6034584,,,,
356.6656718,215.572782,,,,
356.9656718,215.5421056,,,,
357.3656718,215.5012037,,,,
357.7656718,215.4603017,,,,
358.1656718,215.4193998,,,,
358.5882079,215.3761933,,,,
358.9882079,215.3352913,,,,
359.3882079,215.2943893,,,,
359.8882079,215.2432617,,,,
360,215.2318304,,,,
